"5a3943a6e4b0d05ee8b40376"|"assets/products/ARCT2011-11/reports/species_accts/american_golden-plover_WCS2012.pdf"|"82e62caa-b3e5-4b59-8928-43254958e8af"
"5a0ae559e4b09af898cb5eaf"|"assets/products/ARCT2011-1002/maps/RCP60/ARCTLCC_AK_TS31_RCP60_winter_precip_mm_30yr_avgs_hnd.zip"|"573c7d05-4168-4f16-97b2-b64489b2e779"
"5a394863e4b0d05ee8b40b8a"|"assets/products/ARCT2011-1002/maps/RCP60/ARCTLCC_AK_TS31_RCP60_annual_temp_degF_30yr_avgs_hnd.zip"|"811c152a-4c71-4e5f-933a-c0a5729b881a"
"5a3943f1e4b0d05ee8b4038c"|"assets/products/ARCT2011-05/publications/Arp-et-al-2012-AAAR-Fish-Creek-watershed.pdf"|"8194fd55-09de-4f5e-aaae-5e91e5f8e61a"
"5a300c6ce4b08e6a89d57f22"|"assets/products/ARCT2010-05/spatial_data/alt/ActiveLayerThickness_2040_2049.zip"|"84adfa0c-dd56-4915-9308-5ef938bec327"
"5a7c82e7e4b00f54eb231a24"|"assets/products/ARCT2011-11/reports/species_accts/pacific_loon_WCS2012.pdf"|"8310179a-b582-4880-804a-d3632350ae87"
"5a39443be4b0d05ee8b403cd"|"assets/products/ARCT2011-1002/maps/RCP85/ARCTLCC_AK_TS31_RCP85_winter_precip_inch_30yr_avgs_hnd.zip"|"550d72e1-13fa-4854-a780-7a75b8868e50"
"5aa843c4e4b0b1c392ef38f3"|"assets/products/ARCT2010-05/spatial_data/standage/StandAge_historical_1960_1969.zip"|"80dd738b-5d6d-4e9f-a9c1-834ac4a33b85"
"5a51032ae4b0d05ee8c98804"|"assets/products/ARCT2011-11/reports/species_accts/american_tree_sparrow_WCS2012.pdf"|"23bf024c-18b7-42b2-b266-1dd11bcf7b0b"
"5a0ae550e4b09af898cb5e99"|"assets/products/ALCC2010-14/spatial/Yellow-billed_loon_2013_shapefiles_tables.zip"|"c6f15c5a-305a-4355-bc6a-38403ffb2e62"
"5a315b41e4b08e6a89d70ad7"|"assets/factsheets/2010/Streamgages_FINAL_July_2011.pdf"|"6d33255b-772c-4e4e-bbab-69eceb3b2235"
"5a394490e4b0d05ee8b40422"|"assets/factsheets/2010/Climate_and_fish_migration_FINAL_May_2011.pdf"|"d0a0e51d-5f76-4364-bc07-75f5b2714c03"
"5a394542e4b0d05ee8b404ae"|"assets/factsheets/2010/Streamgages_FINAL_July_2011.pdf"|"55242e0e-1927-4bb1-8e8d-c15aa48bfa6d"
"5a0ae545e4b09af898cb5e71"|"assets/maps/arcticlcc/ArcticLCC_fullextent_20110817_satellite.pdf"|"00b0ea27-9f0b-4f4c-8f37-5c12d0c4cf48"
"5a394436e4b0d05ee8b403c1"|"assets/products/ARCT2010-05/spatial_data/pet/rasters/pet_mean_mm_decadal_MPI_ECHAM5_A1B_annual_2020_2029.zip"|"35bc7af8-4e27-4569-b906-56d0e2df0ed8"
"5a300c89e4b08e6a89d57f86"|"assets/products/ARCT2010-05/spatial_data/alt/ActiveLayerThickness_1990_1999.zip"|"6967e2d3-0460-41e3-a9b0-8022028e3d3e"
"5a7f25b0e4b00f54eb2652d6"|"assets/products/ARCT2010-05/spatial_data/pet/rasters/pet_mean_mm_decadal_CCCMA_CGCM31_A1B_annual_2000_2009.zip"|"0c823a03-ecea-40e4-afcb-560ff4c77a25"
"5a300b14e4b08e6a89d57cc2"|"assets/products/ARCT2010-05/spatial_data/magt/MeanAnnualGroundTemp_2030-2039.zip"|"b715041f-d30d-426f-a232-dd77cc90306f"
"5a510325e4b0d05ee8c987f2"|"assets/products/ARCT2011-1002/maps/RCP85/ARCTLCC_AK_TS31_RCP85_annual_precip_inch_ani.zip"|"0e885962-fb46-40cf-927f-7cd569b1d14f"
"5aa8586ce4b0b1c392ef5903"|"assets/products/ARCT2010-05/spatial_data/pet/rasters/pet_mean_mm_decadal_CRU_Historical_annual_1930_1939.zip"|"343e3ccc-4386-432f-a557-87b52dfc1052"
"5a79de91e4b00f54eb2002d1"|"assets/products/ARCT2010-05/spatial_data/standage/StandAge_historical_1930_1939.zip"|"cb9b2569-2526-4353-970f-cbc1f1a46204"
"5a7dd63fe4b00f54eb24a8bb"|"assets/products/ARCT2011-1002/maps/RCP85/ARCTLCC_AK_TS31_RCP85_annual_precip_mm_30yr_avgs_hnd.zip"|"df2c1127-7506-44bb-ae1c-1476973882c8"
"5a300c83e4b08e6a89d57f6e"|"assets/products/ARCT2010-05/spatial_data/alt/ActiveLayerThickness_2000_2009.zip"|"6070d517-88d3-43cd-a7b5-3a7e5e56a2a4"
"5a51021de4b0d05ee8c98570"|"assets/products/ARCT2011-11/reports/species_accts/red-throated_loon_WCS2012.pdf"|"796784bd-9d30-49d2-bba0-e4afb0444465"
"5a510312e4b0d05ee8c987a8"|"assets/products/ARCT2011-11/reports/species_accts/glaucous_gull_WCS2012.pdf"|"32161f64-c3b3-4599-8a4c-63cc289c519b"
"5a510215e4b0d05ee8c98557"|"assets/products/ARCT2010-05/spatial_data/standage/StandAge_alfresco_2050_2059.zip"|"12e64986-e81c-4bd7-a71f-278363b7059b"
"5a394426e4b0d05ee8b403b0"|"assets/products/ARCT2011-11/reports/species_accts/whimbrel_WCS2012.pdf"|"48062270-4607-4ff9-8d8e-baecd3c1b526"
"5a3945b1e4b0d05ee8b40588"|"assets/products/ARCT2011-11/reports/species_accts/white-rumped_sandpiper_WCS2012.pdf"|"3f8c99e7-198e-454f-8211-25126767ab0b"
"5a51036be4b0d05ee8c98861"|"assets/products/ARCT2011-11/reports/Vulnerability_Assessment_AppendixB_WCS_2012.pdf"|"b71d9d88-68de-4342-af1c-184aaf1f9610"
"5a300c13e4b08e6a89d57e50"|"assets/products/ARCT2010-05/spatial_data/pet/rasters/pet_mean_mm_decadal_MPI_ECHAM5_A1B_annual_2080_2089.zip"|"9113dffb-e581-41b3-9be1-3af675b8c96f"
"5a394432e4b0d05ee8b403bd"|"assets/products/ARCT2011-1002/maps/RCP85/ARCTLCC_AK_TS31_RCP85_summer_temp_degF_30yr_avgs_hnd.zip"|"bf0265f2-ec8a-4094-b652-d55076e9b6e7"
"5a300b8ee4b08e6a89d57d1c"|"assets/products/ARCT2010-02/publications/Saalfeld_etal_2013.pdf"|"792e9c6c-a488-40c8-a45e-2df7a23fe14b"
"5a510305e4b0d05ee8c9877e"|"assets/products/ARCT2011-1002/maps/RCP60/ARCTLCC_AK_TS31_RCP60_annual_temp_degF_ani.zip"|"ab3f8bf2-dc0b-4cd9-8a9a-cf76e02768e5"
"5a300af4e4b08e6a89d57ca1"|"assets/products/ARCT2010-05/spatial_data/standage/StandAge_alfresco_2060_2069.zip"|"70557215-6684-49fb-a6b7-ac725638ab9b"
"5a300c3ee4b08e6a89d57edb"|"assets/products/ARCT2010-05/spatial_data/pet/rasters/pet_mean_mm_decadal_MPI_ECHAM5_A1B_annual_2090_2099.zip"|"1e3f5156-34d1-4516-9fbb-a35d270fc654"
"5a51025fe4b0d05ee8c9862f"|"assets/products/ARCT2011-1002/spatial_data/baseline_temp/Baseline_1961-1990_TS31_average_temp_degF.zip"|"2785566f-c890-4eaf-b243-d69262006250"
"5a3947d0e4b0d05ee8b40a8d"|"assets/products/ALCC2013-01/maps/Hulahula_Nested_WtrShd.png"|"cb8c3d3c-4b11-4919-86f5-8000af812787"
"5a510309e4b0d05ee8c9878a"|"assets/products/ARCT2011-1002/maps/RCP85/ARCTLCC_AK_TS31_RCP85_annual_temp_degC_ani.zip"|"ca4a39c5-c302-418d-821e-8435d2bed6fa"
"5a3945f9e4b0d05ee8b4064f"|"assets/factsheets/2010/Streamgages_FINAL_July_2011.pdf"|"b5da1603-6a7b-4c6c-af92-1e1a0ae47bb2"
"5a510281e4b0d05ee8c98678"|"assets/products/ARCT2010-05/spatial_data/standage/StandAge_historical_2000_2006.zip"|"cbc1a5a3-d08f-4e09-b6fe-aaadb36ed587"
"5a300ba6e4b08e6a89d57d60"|"assets/products/ARCT2010-02/spatial/Shorebird_HSI_filegeodatabase.zip"|"565a9d2d-e73a-4ad5-a991-a673fe773e87"
"5a51036ee4b0d05ee8c98867"|"assets/products/ARCT2010-05/spatial_data/standage/StandAge_historical_1920_1929.zip"|"f1099e92-e1cc-44d1-8fd9-9e9efab38e8f"
"5a51039be4b0d05ee8c988f7"|"assets/products/ARCT2010-05/spatial_data/standage/StandAge_historical_1990_1999.zip"|"a22ea1d5-a5b4-4225-8cd8-ab737813f862"
"5a3945c6e4b0d05ee8b405c2"|"assets/products/ALCC2013-01/maps/BarrowMeade_Nested_WtrShd.png"|"7671e2cb-09ed-4346-992e-2e4292ea4be1"
"5a0ae4f9e4b09af898cb5daf"|"assets/maps/arcticlcc/ArcticLCC_Alaska_20110819_satellite.jpg"|"90861ec1-6e2e-4e11-bb32-cd10ab5991a7"
"5a3945b8e4b0d05ee8b4059e"|"assets/products/ARCT2011-11/reports/species_accts/smiths longspur_WCS2012.pdf"|"43efeb91-3ac7-4757-a4f0-6cb15942be67"
"5a394722e4b0d05ee8b40871"|"assets/factsheets/2010/Glaciers_and_rivers_in_ArcticNWR_FINAL_June_2011.pdf"|"da18c9f2-5891-499d-813b-a2ec10d8c524"
"5a300be2e4b08e6a89d57dd8"|"assets/products/ARCT2010-05/spatial_data/alt/ActiveLayerThickness_2060_2069.zip"|"b46eb663-8915-4816-8a7d-e63ef3cd91e4"
"5a394753e4b0d05ee8b4091a"|"assets/products/ARCT2011-11/reports/species_accts/lapland_longspur_WCS2012.pdf"|"ae9b8b1c-d99e-44a5-b20b-12a40c2110f4"
"5a394a04e4b0d05ee8b40e94"|"assets/products/ARCT2010-05/spatial_data/pet/rasters/pet_mean_mm_decadal_CCCMA_CGCM31_A1B_annual_2070_2079.zip"|"8b7ceaa3-2f0c-45fc-81a5-7272c3c3f31f"
"5a68ba29e4b06e28e9c720ab"|"assets/products/ARCT2011-11/reports/species_accts/parasitic_jaeger_WCS2012.pdf"|"774bd11e-6bdc-475e-8164-221c06b03b3d"
"5a3945d2e4b0d05ee8b405e0"|"assets/products/ARCT2011-11/reports/species_accts/bar-tailed_godwit_WCS2012.pdf"|"2ff10ee5-f3fb-4e62-a60d-b0de95bc081c"
"5a510251e4b0d05ee8c985f5"|"assets/products/ARCT2011-1002/spatial_data/baseline_precip/Baseline_1961-1990_TS31_total_precip_inch.zip"|"70b61e95-3d6c-4cbd-af9d-be22a21f6d28"
"5a300c07e4b08e6a89d57e2e"|"assets/products/ARCT2010-05/spatial_data/magt/MeanAnnualGroundTemp_2040-2049.zip"|"8126a63d-a06c-4db8-83cc-ab58c12add1a"
"5a3949c6e4b0d05ee8b40e1e"|"assets/products/ARCT2011-11/reports/species_accts/common_redpoll_WCS2012.pdf"|"1b7fa38d-2049-404f-926e-52a7baa7cbf2"
"5a394a2ae4b0d05ee8b40ecd"|"assets/products/ARCT2011-1002/maps/RCP60/ARCTLCC_AK_TS31_RCP60_summer_temp_degF_30yr_avgs_hnd.zip"|"e189a6cc-ec24-448b-add6-dcf161fa603b"
"5a300c71e4b08e6a89d57f32"|"assets/products/ARCT2010-05/spatial_data/alt/ActiveLayerThickness_2030_2039.zip"|"469ce72a-b11e-48f7-be9f-816b1ca28b5e"
"5a3948bce4b0d05ee8b40c20"|"assets/products/ARCT2011-11/reports/species_accts/red_phalarope_WCS2012.pdf"|"bf5d95fd-4653-4fdf-b757-cb64c2efac52"
"5aa84421e4b0b1c392ef3a30"|"assets/products/ARCT2011-11/reports/species_accts/sabines_gull_WCS2012.pdf"|"fa2a6de4-513a-4025-852a-75fc23c8ed14"
"5a0ae5eae4b09af898cb60ac"|"assets/products/ARCT2011-1002/maps/RCP60/ARCTLCC_AK_TS31_RCP60_annual_precip_inch_30yr_avgs_hnd.zip"|"fc9b2f00-3712-4a3c-9a1f-3908d64746b4"
"5a394786e4b0d05ee8b409c8"|"assets/products/ARCT2011-18/publications/Nolan-et-al.-2011-Predicting-the-Impact-of-Glacier-Loss.pdf"|"b3dcf06f-5ead-464e-8481-8cf14091f1ca"
"5a5645dae4b01e7be2444a6f"|"assets/products/ARCT2011-11/reports/species_accts/long-tailed_duck_WCS2012.pdf"|"9ad38fa5-2734-42e9-84ca-1c058122d907"
"5a315aa9e4b08e6a89d7098e"|"assets/factsheets/2010/ASDN_REVISED_Dec 2016.pdf"|"9bf23253-2b77-4167-9153-dc28d7ec027b"
"5a394556e4b0d05ee8b404d3"|"assets/products/ALCC2012-03/reports/ArcticLCCFutureNeedsAssessmentFeb2013.pdf"|"7e314b57-6f91-48a6-ac38-ede8396ba793"
"5a51030ee4b0d05ee8c98798"|"assets/products/ARCT2011-1002/maps/RCP85/ARCTLCC_AK_TS31_RCP85_annual_temp_degF_ani.zip"|"2ff9fbec-6ebf-49fa-a2e5-e4faeee9a4cb"
"5a0ae516e4b09af898cb5dec"|"assets/maps/arcticlcc/ArcticLCC_fullextent_20110817_vector.png"|"406ac3e3-ee9b-4d1c-b15c-93ab30edb648"
"5a394804e4b0d05ee8b40b1e"|"assets/products/ARCT2011-07/final_report/ALCC2011-07-RAMP-Final-Report.pdf"|"b2abe847-0414-4ae2-b152-bd05f20bbc42"
"5aa851cae4b0b1c392ef4dbf"|"assets/products/ARCT2011-11/reports/species_accts/snow_goose_WCS2012.pdf"|"501325c5-142b-48a7-9b3f-18b15838832c"
"5a3009bae4b08e6a89d57bdc"|"assets/factsheets/2010/Shorebird_distribution_models_FINAL_June_2011.pdf"|"48233b63-3370-4e45-9949-cc9f7c1c1664"
"5a300c7de4b08e6a89d57f58"|"assets/products/ARCT2010-05/spatial_data/alt/ActiveLayerThickness_2010_2019.zip"|"fbf65b84-718d-4896-90f8-6307cbd6a603"
"5aa843ffe4b0b1c392ef39b4"|"assets/products/ARCT2011-11/reports/species_accts/stellers_eider_WCS2012.pdf"|"4829935e-ce7c-42ac-93f5-31c32e7ba808"
"5a0ae55ce4b09af898cb5eb9"|"assets/products/ARCT2010-02/spatial/Shorebird_HSI_tiff.zip"|"deb67ea7-5a52-4c92-907a-7212f2f2a599"
"5a300bade4b08e6a89d57d6f"|"assets/products/ARCT2010-04/reports/HydroClimate_DR_executive_summary_TOC_2012.pdf"|"2fdac082-b253-4493-9996-f530c96eb5be"
"5a300b82e4b08e6a89d57d03"|"assets/products/ARCT2010-05/spatial_data/standage/StandAge_alfresco_2030_2039.zip"|"10bc3e8d-03d1-4c0b-9fde-78f7999edf37"
"5aa84e7ae4b0b1c392ef4958"|"assets/products/ARCT2010-05/spatial_data/alt/ActiveLayerThickness_1980_1989.zip"|"0be4aa4f-c29c-4111-a349-5c3ca7170367"
"5aa85408e4b0b1c392ef524d"|"assets/products/ARCT2011-11/reports/species_accts/northern_pintail_WCS2012.pdf"|"3a19f46c-18e4-458f-a3a1-72b8ee7ea94d"
"5a5102dfe4b0d05ee8c9875b"|"assets/products/ARCT2011-1002/maps/RCP60/ARCTLCC_AK_TS31_RCP60_annual_precip_inch_ani.zip"|"d3435517-5589-42b5-888e-32419b239182"
"5aa853e0e4b0b1c392ef51bd"|"assets/products/ARCT2011-11/reports/species_accts/long-tailed_jaeger_WCS2012.pdf"|"18e8a817-2099-4300-ade0-1208bfaf8116"
"5a0ae51ae4b09af898cb5df8"|"assets/products/ARCT2010-09/spatial_data/wacp_IfSAR_dsm_mosaic_footprint.zip"|"5fa3c548-d2f7-455f-bcb8-f094073234c9"
"5a6cafe9e4b06e28e9cabca9"|"assets/products/ARCT2010-05/spatial_data/standage/StandAge_historical_1940_1949.zip"|"20b653f9-73c2-4a5d-a59b-4f7b17e5d0cb"
"5a3009bfe4b08e6a89d57be9"|"assets/products/ARCT2010-04/reports/HydroClimate_DR_full_report_2012.pdf"|"6afac427-df6a-42b2-be8e-60d83ada9459"
"5a3945aae4b0d05ee8b40573"|"assets/products/ARCT2011-11/reports/species_accts/semipalmated_sandpiper_WCS2012.pdf"|"4d8064cb-3e01-4137-b66e-c0d84e982708"
"5a0ae4ffe4b09af898cb5db9"|"assets/maps/arcticlcc/ArcticLCC_Alaska_20110819_satellite.pdf"|"acee823b-e6ee-4333-b675-9621eb80a24a"
"5aa8557ae4b0b1c392ef53ea"|"assets/products/ARCT2011-11/reports/species_accts/brant_WCS2012.pdf"|"ce45c0ee-ae41-4904-82fc-c2d57cbac382"
"5a0ae561e4b09af898cb5ec9"|"assets/products/ALCC2012-10/spatial/NoAK_LandscapePermafrost_GIS_11242014.zip"|"931e37ac-74ef-4d90-b901-313317c35189"
"5a300b9fe4b08e6a89d57d48"|"assets/products/ALCC2010-03/spatial/aquabase_filegdb.zip"|"773e94c8-a340-4d8e-8331-c8bdeb8f11d5"
"5a394a12e4b0d05ee8b40eb1"|"assets/products/ARCT2010-02/spatial/NorthSlope_PRISM_GDB.zip"|"44fec2b3-e001-4d28-9d0f-f20f8f065964"
"5aa85501e4b0b1c392ef5328"|"assets/products/ARCT2010-05/spatial_data/standage/StandAge_historical_1880_1889.zip"|"22f47e32-e812-476f-8954-ed1a88826610"
"5aa8562be4b0b1c392ef552d"|"assets/products/ARCT2011-1002/spatial_data/baseline_precip/Baseline_1961-1990_TS31_total_precip_mm.zip"|"c32ed08b-cae7-4c4e-85c8-35bf95556cc8"
"5a0ae55ee4b09af898cb5ebd"|"assets/products/ARCT2011-1002/maps/RCP60/ARCTLCC_AK_TS31_RCP60_summer_precip_inch_30yr_avgs_hnd.zip"|"2684c380-e555-4a7a-90ab-32466198208d"
"5a39459fe4b0d05ee8b4055e"|"assets/products/ARCT2011-11/reports/species_accts/stilt_sandpiper_WCS2012.pdf"|"9b1c8835-f8ce-48c7-9580-2c682fc2943e"
"5aa85647e4b0b1c392ef55a7"|"assets/products/ARCT2010-05/spatial_data/standage/StandAge_historical_1860_1869.zip"|"f37db20c-81f9-4fb7-9382-e34e9feb10c9"
"5a0ae5eee4b09af898cb60bc"|"assets/products/ARCT2011-1002/maps/RCP60/ARCTLCC_AK_TS31_RCP60_summer_precip_mm_30yr_avgs_hnd.zip"|"99333f29-3855-42e8-8824-7d1316ff95b8"
"5a394724e4b0d05ee8b40878"|"assets/products/ARCT2011-11/reports/species_accts/peregrine_falcon_WCS2012.pdf"|"e550fd2d-a83f-400d-a431-245fe3792b14"
"5a3946c7e4b0d05ee8b407a0"|"assets/products/ARCT2011-10/progress_reports/Anaktuvuk-River-Fire-StudyFINAL6-21-12.pdf"|"284d03df-7b47-442f-9b3d-f6877754ff3b"
"5aaababfe4b09e9cadb73874"|"assets/products/ALCC2013-02/spatial/LakeIceRegimeClassificationGeoPackage.zip"|"0aa65e03-3643-40d3-8e0c-2559738d0a36"
"5a3945c0e4b0d05ee8b405b6"|"assets/products/ALCC2013-01/maps/FishJudy_Nested_WtrShd.png"|"6c6aec01-488f-401a-b075-3f7b28d31d64"
"5a3947c5e4b0d05ee8b40a70"|"assets/products/ALCC2013-01/maps/Koyukuk_Nested_WtrShd.png"|"5f6de8a1-1f4d-4d0d-b55f-5bbf7d8ca806"
"5aa8575be4b0b1c392ef5725"|"assets/products/ARCT2010-05/spatial_data/standage/StandAge_historical_1890_1899.zip"|"3f96bd36-1219-417c-a625-4045d238af69"
"5a300c93e4b08e6a89d57fa8"|"assets/products/ARCT2010-05/spatial_data/pet/rasters/pet_mean_mm_decadal_MPI_ECHAM5_A1B_annual_2060_2069.zip"|"45b8d42f-18bb-4067-9ad7-74afbd560f47"
"5a6cb120e4b06e28e9cabe16"|"assets/products/ARCT2011-11/reports/species_accts/yellow-billed_loon_WCS2012.pdf"|"90efeccd-a409-41cc-a396-3cb9ba293b9f"
"5aa85797e4b0b1c392ef57af"|"assets/products/ARCT2011-11/reports/species_accts/common_eider_WCS2012.pdf"|"dac3717d-b33e-495b-a2f6-cd64805b4169"
"5a39477ae4b0d05ee8b40998"|"assets/products/ARCT2011-11/reports/species_accts/snow_bunting_WCS2012.pdf"|"4c0d49f4-9150-4645-a0d5-6e250f1c91cd"
"5a300b89e4b08e6a89d57d10"|"assets/products/ARCT2010-05/spatial_data/standage/StandAge_alfresco_2020_2029.zip"|"3613c8ac-76d2-4ac8-9921-73f4295e8dac"
"5aa85926e4b0b1c392ef5a6d"|"assets/products/ARCT2010-05/spatial_data/standage/StandAge_historical_1910_1919.zip"|"342959d1-4a85-4943-b21a-3ff8fed0cab0"
"5aa846e3e4b0b1c392ef3ed1"|"assets/products/ARCT2011-11/reports/species_accts/cackling_canada_goose_WCS2012.pdf"|"d0eb68f2-53d7-43be-b3d3-418552e0690a"
"5a300c60e4b08e6a89d57efa"|"assets/products/ARCT2010-05/spatial_data/magt/MeanAnnualGroundTemp_1990-1999.zip"|"43c029bf-db61-46fb-8162-62ae001609f8"
"5a5102e2e4b0d05ee8c9875f"|"assets/products/ARCT2011-1002/maps/RCP60/ARCTLCC_AK_TS31_RCP60_annual_precip_mm_ani.zip"|"52d25182-ace5-46e1-96e7-800178388270"
"5aa8598ae4b0b1c392ef5bbc"|"assets/products/ARCT2011-11/reports/species_accts/hoary_redpoll_WCS2012.pdf"|"fcda2cad-3110-4574-ba62-03b6421c7154"
"5a0ae565e4b09af898cb5ed0"|"assets/products/ALCC2013-01/spatial/TEON_geodatabase_10.2.zip"|"9070df4c-fbba-455a-8d18-ac987ba21e28"
"5a3949d3e4b0d05ee8b40e5f"|"assets/products/ARCT2010-05/spatial_data/pet/rasters/pet_mean_mm_decadal_CRU_Historical_annual_1950_1959.zip"|"10ec4985-33dd-474f-b939-543e5255637f"
"5a3009c7e4b08e6a89d57bf4"|"assets/products/ARCT2010-05/spatial_data/standage/StandAge_alfresco_2070_2079.zip"|"e5d9f2f2-60fa-44c9-823f-c2aa82b9f261"
"5a394463e4b0d05ee8b403ff"|"assets/products/ALCC2013-01/maps/Kuparuk_Nested_WtrShd.png"|"10d7091c-5d80-434d-be70-b96c6f0e0bc4"
"5aa85a62e4b0b1c392ef5cb9"|"assets/products/ARCT2011-11/reports/species_accts/spectacled_eider_WCS2012.pdf"|"b2adbce5-8e2f-4ad9-8717-46e25658f651"
"5aa85b02e4b0b1c392ef5e2e"|"assets/products/ARCT2010-04/reports/HydroClimate_DR_executive_summary_TOC_2012.pdf"|"4cedd3fe-4761-4891-9b33-8213afa18554"
"5a3946cfe4b0d05ee8b407ab"|"assets/products/ARCT2011-11/reports/species_accts/buff-breasted_sandpiper_WCS2012.pdf"|"e92fb18d-dc89-4922-9bc4-cbd3cc9ecdb2"
"5aa85ac8e4b0b1c392ef5d68"|"assets/products/ARCT2010-05/spatial_data/standage/StandAge_historical_1970_1979.zip"|"26b98570-efca-4367-8b52-d88440a5d0e3"
"5a394527e4b0d05ee8b4047f"|"assets/products/ARCT2011-1002/maps/RCP85/ARCTLCC_AK_TS31_RCP85_winter_temp_degC_30yr_avgs_hnd.zip"|"c8932b16-aa0e-4225-a3c1-3643a63c0bf9"
"5a300adce4b08e6a89d57c6b"|"assets/factsheets/2010/IEM-CSC-Fact-Sheet-with-Supplement-20150331.pdf"|"781e6234-c49b-4c4b-9084-d231db8e8e26"
"5a0ae4fce4b09af898cb5db3"|"assets/maps/arcticlcc/ArcticLCC_fullextent_20110817_satellite.jpg"|"cebdb095-1f65-4b68-b542-ef035fc367db"
"5aa85f23e4b0b1c392ef6534"|"assets/products/ARCT2010-05/spatial_data/pet/rasters/pet_mean_mm_decadal_MPI_ECHAM5_A1B_annual_2000_2009.zip"|"7ead6150-94de-4a07-8a97-8764b079a06b"
"5aa84a99e4b0b1c392ef440a"|"assets/products/ARCT2010-05/spatial_data/pet/rasters/pet_mean_mm_decadal_CCCMA_CGCM31_A1B_annual_2020_2029.zip"|"ea2e1060-e240-4c86-9465-f56ecc62d5b8"
"5a394563e4b0d05ee8b404ee"|"assets/products/ARCT2011-11/reports/species_accts/short-eared_owl_WCS2012.pdf"|"106f82c1-7442-46e8-9287-2a2ab90d3074"
"5a510242e4b0d05ee8c985bd"|"assets/products/ARCT2011-1002/spatial_data/baseline_temp/Baseline_1961-1990_TS31_average_temp_degC.zip"|"88b91fc6-53c2-44d7-9179-80586da09e28"
"5a300b95e4b08e6a89d57d2e"|"assets/products/ARCT2010-05/spatial_data/standage/StandAge_alfresco_2010_2019.zip"|"21f6ac36-266d-468f-b367-1acffdbe4f68"
"5a5102fde4b0d05ee8c9876c"|"assets/products/ARCT2011-1002/maps/RCP85/ARCTLCC_AK_TS31_RCP85_annual_precip_mm_ani.zip"|"dcecae64-22b7-4ee4-8717-808e4eeb33a6"
"5aa84effe4b0b1c392ef4a55"|"assets/products/ARCT2011-11/reports/species_accts/tundra_swan_WCS2012.pdf"|"992cc46d-4ab6-43b3-90d2-827e680b50c7"
"5a58e829e4b00b291cd6a75a"|"assets/products/ARCT2010-05/spatial_data/pet/rasters/pet_mean_mm_decadal_CCCMA_CGCM31_A1B_annual_2040_2049.zip"|"558cbe28-8e2c-4f75-92e8-be69d5002ea8"
"5a0ae555e4b09af898cb5ea7"|"assets/products/ARCT2011-1002/maps/RCP60/ARCTLCC_AK_TS31_RCP60_winter_precip_inch_30yr_avgs_hnd.zip"|"1f37eda1-7540-4eb8-8708-33c7194c1c31"
"5a510301e4b0d05ee8c98774"|"assets/products/ARCT2011-1002/maps/RCP60/ARCTLCC_AK_TS31_RCP60_annual_temp_degC_ani.zip"|"1624a7fd-655a-404f-9ae2-2b8cbe0d15c2"
"5a300bb0e4b08e6a89d57d79"|"assets/products/ARCT2010-05/spatial_data/magt/MeanAnnualGroundTemp_2000-2009.zip"|"ccf3a7d6-12a1-4643-a12c-1c26bf4c7521"
"5a394773e4b0d05ee8b40984"|"assets/products/ALCC2013-01/spatial/TEON_shapefiles.zip"|"13a7349f-87ba-4e3f-b442-f6426c8efb9e"
"5a394736e4b0d05ee8b408af"|"assets/products/ARCT2011-11/reports/species_accts/willow_ptarmigan_WCS2012.pdf"|"5870162c-ec45-46e5-9dbf-b7e6354968b2"
"5a3946b2e4b0d05ee8b40751"|"assets/products/ARCT2011-1002/maps/RCP85/ARCTLCC_AK_TS31_RCP85_winter_precip_mm_30yr_avgs_hnd.zip"|"2c2454c9-5e92-47a6-a074-c9ec07291861"
"5a5101e8e4b0d05ee8c984ca"|"assets/products/ARCT2010-05/spatial_data/standage/StandAge_historical_1870_1879.zip"|"11f2fe40-53c2-462d-bae8-ebd2bb0588da"
"5a39458be4b0d05ee8b40542"|"assets/products/ARCT2011-1002/maps/RCP60/ARCTLCC_AK_TS31_RCP60_annual_temp_degC_30yr_avgs_hnd.zip"|"f2ee5616-783a-4ed9-8590-8c327f159331"
"5a0ae5e7e4b09af898cb60a4"|"assets/products/ALCC2010-14/spatial/Yellow_billed_loon_2013_fileGDB.zip"|"a54cdb0a-5c79-4f5a-9144-873f10847f6b"
"5a300ba2e4b08e6a89d57d50"|"assets/products/ARCT2010-05/spatial_data/standage/StandAge_alfresco_2007_2009.zip"|"7a01b8c7-f637-4a0d-8b64-17b5085eac5d"
"5a3949aae4b0d05ee8b40dc2"|"assets/products/ARCT2011-11/reports/species_accts/long-billed_dowitcher_WCS2012.pdf"|"b26806ec-c532-4372-b431-6833b05c8ffa"
"5a39488de4b0d05ee8b40bcc"|"assets/products/ARCT2011-11/reports/species_accts/ruddy_turnstone_WCS2012.pdf"|"43db1154-d2c6-4592-9868-12ecd4deb40f"
"5a300b18e4b08e6a89d57cc8"|"assets/factsheets/2010/Cliomes_FINAL_June_2011.pdf"|"fdc2cc96-db1e-4ff4-8941-a73be90985f3"
"5a394577e4b0d05ee8b4051f"|"assets/products/ALCC2010-14/reports/YBLO_2013_project_summary.pdf"|"f62d981e-6b85-44b8-ba05-e25545b2d190"
"5a5102b2e4b0d05ee8c98709"|"assets/products/ARCT2011-11/reports/species_accts/pomarine_jaeger_WCS2012.pdf"|"a60fe600-d5eb-44e5-9e06-fb293f65aa0e"
"5a3947a3e4b0d05ee8b409fe"|"assets/products/ARCT2011-11/reports/species_accts/savannah_sparrow_WCS2012.pdf"|"14739c87-6f1b-4876-9067-17bfbd74014d"
"5a3946f1e4b0d05ee8b407f6"|"assets/products/ALCC2011-06/reports/NorthernAK_Landscape_Mappping_Field_Photos_Final_RPT.pdf"|"7df69483-2e14-431a-8ee4-d8dac1bdeb67"
"5a3947f1e4b0d05ee8b40aef"|"assets/products/ARCT2010-05/spatial_data/pet/rasters/pet_mean_mm_decadal_CCCMA_CGCM31_A1B_annual_2060_2069.zip"|"601621f9-ad9b-4f8e-9749-bf167cdabf6e"
"5a3946d8e4b0d05ee8b407cb"|"assets/products/ARCT2011-11/reports/species_accts/black-bellied_plover_WCS2012.pdf"|"6ba2a887-4a1a-48e7-81b7-91e963d562a8"
"5a394a71e4b0d05ee8b40f39"|"assets/products/ARCT2011-07/publications/Climate-Change-in-Selawik-Alaska.pdf"|"e81c62d2-f65c-4af1-b005-93f52c2f491f"
"5aa86343e4b0b1c392ef6c9a"|"assets/products/ARCT2011-11/reports/species_accts/arctic_tern_WCS2012.pdf"|"0912847f-5d40-42e3-8332-f938bae8a4ca"
"5a394621e4b0d05ee8b406b3"|"assets/products/ARCT2011-11/reports/species_accts/western_sandpiper_WCS2012.pdf"|"4cab5bbb-45ca-4ce5-8900-906a0884b602"
"5a7f2637e4b00f54eb26530b"|"assets/products/ARCT2010-05/spatial_data/pet/rasters/pet_mean_mm_decadal_CCCMA_CGCM31_A1B_annual_2030_2039.zip"|"c19f7249-c005-4a56-a839-f8963691c419"
"5a394766e4b0d05ee8b40956"|"assets/products/ARCT2011-11/reports/species_accts/white-crowned_sparrow_WCS2012.pdf"|"de7f6892-5a06-41a4-874e-32c050e165bd"
"5a3947dbe4b0d05ee8b40aab"|"assets/products/ARCT2010-05/spatial_data/pet/rasters/pet_mean_mm_decadal_MPI_ECHAM5_A1B_annual_2030_2039.zip"|"3d0bc089-9a47-4847-bcd0-fbe044a82f29"
"5a39457ae4b0d05ee8b40529"|"assets/products/ARCT2011-11/reports/species_accts/pectoral_sandpiper_WCS2012.pdf"|"08587e38-7690-420a-b02c-9333b5ff71bc"
"5aa86412e4b0b1c392ef6dfe"|"assets/products/ARCT2011-11/reports/species_accts/king_eider_WCS2012.pdf"|"30f783eb-d809-45ac-b1d9-d52478aeb71f"
"5aa86489e4b0b1c392ef6f30"|"assets/products/ARCT2011-11/reports/species_accts/greater_white-fronted_goose_WCS2012.pdf"|"df22990e-de4f-4019-b2e8-728e89976425"
"5a39498fe4b0d05ee8b40d78"|"assets/products/ARCT2011-11/reports/species_accts/red_knot_WCS2012.pdf"|"a1a689ca-df29-4ab5-b6a2-df43bed83a29"
"5a0ae60be4b09af898cb613a"|"assets/products/ALCC2013-1001/AKLCC_boundaries.zip"|"bd49ce20-f659-4526-806a-d2992c83cb0d"
"5a394846e4b0d05ee8b40b65"|"assets/products/ARCT2010-05/spatial_data/pet/rasters/pet_mean_mm_decadal_CCCMA_CGCM31_A1B_annual_2050_2059.zip"|"3e6ce6d6-014b-440d-9395-17294dd2e572"
"5a300bdfe4b08e6a89d57dce"|"assets/factsheets/2010/HydroClimate_data_rescue_FINAL_JUNE_2011.pdf"|"eb192dbf-f557-4fab-b5ea-88be3d37cbd0"
"5a0ae5c0e4b09af898cb6004"|"assets/maps/arcticlcc/ArcticLCC_fullextent_20110817_vector.pdf"|"65f68f0a-e4aa-4045-9852-704703690969"
"5a3947e1e4b0d05ee8b40abe"|"assets/products/ALCC2013-01/maps/Kokolik_Nested_WtrShd.png"|"912d7fae-37fc-473a-aa39-2cbbb5951422"
"5a300c66e4b08e6a89d57f14"|"assets/products/ARCT2010-05/spatial_data/alt/ActiveLayerThickness_2050_2059.zip"|"1cfa6467-0010-4ee6-adec-3392ed32d06b"
"5a3946bbe4b0d05ee8b40776"|"assets/products/ARCT2011-11/reports/species_accts/dunlin_WCS2012.pdf"|"2435f573-eb1f-4bd9-b3bc-36c8862e4ad5"
"5a3944f9e4b0d05ee8b4044f"|"assets/products/ARCT2010-09/spatial_data/wacp_IfSAR_coastline_features.zip"|"c86d87c4-09a6-4164-8641-3a847895258e"
"5a3948fee4b0d05ee8b40cba"|"assets/products/ARCT2011-11/reports/species_accts/rough-legged_hawk_WCS2012.pdf"|"3c245175-7a4e-40b9-83bd-b710e3f33bae"
"5a300b71e4b08e6a89d57ce4"|"assets/products/ARCT2010-05/spatial_data/standage/StandAge_alfresco_2040_2049.zip"|"8336f7b0-0504-40ea-9e84-55339396b3d4"
"5a3948e3e4b0d05ee8b40c70"|"assets/products/ALCC2011-16/reports/ModelingAvifaunalResponses_ExSummary.pdf"|"69dad4f8-48e5-414f-8384-cc5f291f17fc"
"5a39470fe4b0d05ee8b40838"|"assets/products/ARCT2011-11/reports/species_accts/bairds_sandpiper_WCS2012.pdf"|"4ef5b92c-574c-4893-adec-763691056b99"
"5a3948a1e4b0d05ee8b40c09"|"assets/products/ARCT2010-05/spatial_data/pet/rasters/pet_mean_mm_decadal_CCCMA_CGCM31_A1B_annual_2080_2089.zip"|"39a3df24-f7f7-43d9-a3e4-463cc75e5d8b"
"5a3947bee4b0d05ee8b40a5b"|"assets/products/ARCT2011-01/reports/Polar_Bear_Dens_Final_Report.pdf"|"8ee8a2ed-e364-43cc-8144-569df90af96f"
"5a394858e4b0d05ee8b40b7d"|"assets/products/ARCT2010-10/spatial/Threatened_eider_GDB_2012_shapefiles_tables.zip"|"8969b88d-50dc-45fb-979d-7c353cc0aaa2"
"5a394807e4b0d05ee8b40b25"|"assets/products/ARCT2010-10/spatial/Threatened_eider_GDB_2012_filegeodatabase.zip"|"96829db5-ab12-4650-8355-7aff8e4d3b9a"
"5a0ae552e4b09af898cb5ea0"|"assets/products/ARCT2011-1002/maps/RCP85/ARCTLCC_AK_TS31_RCP85_annual_precip_inch_30yr_avgs_hnd.zip"|"5409e567-94a7-4a8f-94a8-b67f0f041141"
"5a3945fde4b0d05ee8b40658"|"assets/products/ARCT2010-05/reports/AIEM_Final_Report_20Jan2012.pdf"|"fc444cd7-aae2-4c53-957d-13e3bb1eaac6"
"5a3948e6e4b0d05ee8b40c74"|"assets/products/ARCT2011-11/reports/species_accts/gyrfalcon_WCS2012.pdf"|"f27c245f-e832-471c-814f-42c9191cf349"
"5a39458ee4b0d05ee8b40548"|"assets/products/ARCT2011-11/reports/species_accts/red-necked_phalarope_WCS2012.pdf"|"29031963-f011-4a2d-b64f-d3ee44bca981"
"5a7dd553e4b00f54eb24a7b2"|"assets/products/ARCT2010-05/spatial_data/standage/StandAge_historical_1900_1909.zip"|"46099d0b-1501-4369-9a83-e50bcf2f85e2"
"5a394796e4b0d05ee8b409e8"|"assets/products/ARCT2010-05/spatial_data/pet/rasters/pet_mean_mm_decadal_MPI_ECHAM5_A1B_annual_2040_2049.zip"|"ea6776ae-eaa9-4b88-aa81-5b80b7eaa400"
"5a394381e4b0d05ee8b4036d"|"assets/products/ARCT2010-05/spatial_data/pet/rasters/pet_mean_mm_decadal_CRU_Historical_annual_1920_1929.zip"|"4c54ebb2-1359-4094-8976-5daa72ee1a0e"
"5a0ae591e4b09af898cb5f69"|"assets/maps/arcticlcc/ArcticLCC_Alaska_20110819_vector.png"|"24e898d5-5c3a-4e23-acf5-f8406e0a826c"
"5a0ae56ae4b09af898cb5edf"|"assets/products/ARCT2011-1002/maps/RCP60/ARCTLCC_AK_TS31_RCP60_annual_precip_mm_30yr_avgs_hnd.zip"|"292189a3-7486-4f39-b18e-c67cef239b1f"
"5a0ae502e4b09af898cb5dc1"|"assets/maps/arcticlcc/ArcticLCC_Alaska_20110819_vector.pdf"|"aef92729-d0ca-4068-a497-d93f47036ae8"
"5a39462ae4b0d05ee8b406cf"|"assets/products/ALCC2013-01/maps/TEON_Wtrshds_overview_with_ecoregions.png"|"24263568-4fb9-4c55-82da-0dbd637b06a6"
"5a300b91e4b08e6a89d57d26"|"assets/products/ARCT2010-05/spatial_data/magt/MeanAnnualGroundTemp_2060-2069.zip"|"ab15f49f-8f83-4cf1-a321-263845c7789b"
"5a3009bde4b08e6a89d57be2"|"assets/products/ALCC2010-03/spatial/aquabase_shp_tbls.zip"|"12e1df48-81d5-44b8-a18a-a3cb8f5f2a1e"
"5a300c1be4b08e6a89d57e66"|"assets/products/ARCT2010-05/spatial_data/standage/StandAge_alfresco_2080_2089.zip"|"43fc6738-f90b-4b96-84a8-716f8d89dfc1"
"5a300b00e4b08e6a89d57caf"|"assets/products/ARCT2010-05/spatial_data/alt/ActiveLayerThickness_2080_2089.zip"|"d85bf991-edeb-4589-bc7e-b1817bbc72cd"
"5a51014ae4b0d05ee8c983ab"|"assets/products/ARCT2010-05/spatial_data/standage/StandAge_historical_1980_1989.zip"|"6837776a-5110-434e-ba9f-11e01611e6e6"
"5a300c0de4b08e6a89d57e44"|"assets/products/ARCT2010-05/spatial_data/alt/ActiveLayerThickness_2070_2079.zip"|"bb729b24-f446-45d2-87cc-2f8511e81909"
"5a0ae5e5e4b09af898cb609c"|"assets/products/ARCT2010-09/spatial_data/wacp_IfSAR_lakes_with_drainage_gradients.zip"|"74c3a2b2-3a23-4c09-9c59-d7e2d819cf81"
"5a3949c1e4b0d05ee8b40e0a"|"assets/products/ARCT2010-05/spatial_data/pet/rasters/pet_mean_mm_decadal_MPI_ECHAM5_A1B_annual_2050_2059.zip"|"edbbfefb-2156-4d3d-94c0-3189d9c9da41"
"5a394458e4b0d05ee8b403ee"|"assets/products/ARCT2010-05/spatial_data/pet/rasters/pet_mean_mm_decadal_MPI_ECHAM5_A1B_annual_2010_2019.zip"|"57b529ac-be4f-4a65-a35b-d6c78e7af591"
"5a300bc0e4b08e6a89d57d8e"|"assets/products/ARCT2010-05/spatial_data/magt/MeanAnnualGroundTemp_2020-2029.zip"|"597aac67-5d9b-489e-9d6f-c527b135a203"
"5a870d7be4b00f54eb3a2c46"|"assets/products/ARCT2010-05/spatial_data/pet/rasters/pet_mean_mm_decadal_CRU_Historical_annual_1910_1919.zip"|"de5d3185-0094-44b9-bb27-90f3b1087fe5"
"5a0ae5f1e4b09af898cb60ce"|"assets/products/ALCC2012-10/tabular/Permafrost_Soils_Database_Northern_Alaska_20141212.zip"|"799327da-a2f9-41f4-a25d-31528bc4a2ae"
"5a39469be4b0d05ee8b40724"|"assets/products/ARCT2011-1002/maps/RCP85/ARCTLCC_AK_TS31_RCP85_winter_temp_degF_30yr_avgs_hnd.zip"|"3e9e0b82-d85a-4871-a473-8406092f6d32"
"5a3947afe4b0d05ee8b40a30"|"assets/products/ALCC2013-01/maps/TEON_Wtrshd_simple_footprint_with_ecoregions.png"|"6b2e682d-2af4-4903-9868-e6c7851c1ce6"
"5a394a98e4b0d05ee8b40f6f"|"assets/products/ARCT2011-05/publications/Developing-a-Long-term-Aquatic-Monitoring-Network_2011.pdf"|"1a86408b-1e35-4fe8-828b-36195f3cb3ba"
"5a300bd5e4b08e6a89d57db4"|"assets/products/ARCT2010-05/spatial_data/magt/MeanAnnualGroundTemp_2050-2059.zip"|"42ffc241-0cce-483c-b080-40afb17fa85b"
"5a0ae567e4b09af898cb5ed7"|"assets/products/ALCC2012-10/reports/Permafrost_Characterization_and_Mapping_Final_Report.pdf"|"aca3ad4a-af01-4333-b524-10f98405be56"
"5a394740e4b0d05ee8b408d7"|"assets/products/ARCT2011-11/reports/species_accts/rock_ptarmigan_WCS2012.pdf"|"6a46e160-0862-4d2f-a15f-c1b894da2e43"
"5a6cafd3e4b06e28e9cabc55"|"assets/products/ARCT2011-11/reports/species_accts/greater_scaup_WCS2012.pdf"|"41cb1a17-c73d-412e-a0f2-a4dc900b4048"
"5a394aace4b0d05ee8b40fa9"|"assets/products/ARCT2011-1002/maps/RCP60/ARCTLCC_AK_TS31_RCP60_winter_temp_degF_30yr_avgs_hnd.zip"|"62438ea2-719b-472b-a98d-9044030049b0"
"5a300c90e4b08e6a89d57fa0"|"assets/products/ARCT2010-05/spatial_data/pet/rasters/pet_mean_mm_decadal_MPI_ECHAM5_A1B_annual_2070_2079.zip"|"95526a0c-4ca3-45ff-b2b1-927c9338485d"
"5a3945cce4b0d05ee8b405d0"|"assets/products/ALCC2013-01/maps/Agashashok_Nested_WtrShd.png"|"a089cd22-1293-4071-9e26-46085c0a06d0"
"5a5101ade4b0d05ee8c98436"|"assets/products/ARCT2010-05/spatial_data/standage/StandAge_historical_1950_1959.zip"|"07f827c1-9ca6-447d-bfe4-cceba1796214"
"5a3946c3e4b0d05ee8b40794"|"assets/products/ARCT2010-09/reports/Thermokarst_Lake_Drainage_Final_Report.pdf"|"71f25d67-df30-4400-9755-585a97aa525a"
"5a3948cbe4b0d05ee8b40c56"|"assets/products/ALCC2012-15/reports/Thermokarst_annotated_bibliography_OFR2013-1161.pdf"|"ae6e2eb0-9f63-499c-bc22-5d7fee9830bf"
"5a300b75e4b08e6a89d57cec"|"assets/products/ARCT2010-02/reports/Shorebird_Habitat_Suitability_Project_Summary.pdf"|"7dfa68b8-d32a-47d8-829c-0ae302d42036"
"5a39455ae4b0d05ee8b404dc"|"assets/products/ALCC2013-01/factsheets/TEON_faq_v1.0_20130430.pdf"|"7be944c5-8c1e-481b-8726-915cce8bb112"
"5a300bdbe4b08e6a89d57dc6"|"assets/products/ARCT2010-05/spatial_data/alt/ActiveLayerThickness_2090_2099.zip"|"e847b2d0-d851-40a6-9780-2edf1fbfe61a"
"5a39463be4b0d05ee8b406f0"|"assets/products/ARCT2010-05/spatial_data/pet/rasters/pet_mean_mm_decadal_CRU_Historical_annual_1940_1949.zip"|"49cbba5f-7033-42d6-9fb7-1eba3c5ed1f7"
"5a394a44e4b0d05ee8b40eef"|"assets/products/ARCT2010-05/spatial_data/pet/rasters/pet_mean_mm_decadal_CRU_Historical_annual_1970_1979.zip"|"df574ed1-f39c-4818-9068-3e9cacc4efe0"
"5a300c15e4b08e6a89d57e54"|"assets/products/ARCT2010-05/spatial_data/standage/StandAge_alfresco_2090_2099.zip"|"891cf71b-b985-4206-bf1e-96f6a835ff0f"
"5a6cb09be4b06e28e9cabd7e"|"assets/products/ARCT2011-11/reports/species_accts/common_raven_WCS2012.pdf"|"e7da269c-1437-4a60-804c-a33135f6e1a2"
"5a39471ce4b0d05ee8b4085f"|"assets/products/ARCT2010-05/spatial_data/pet/rasters/pet_mean_mm_decadal_CRU_Historical_annual_1960_1969.zip"|"b836d87b-532c-4129-8fd8-27d3ac133d32"
"5a39453ae4b0d05ee8b4049c"|"assets/products/ARCT2011-21/reports/ALCC2011-21_Seasonality_of_Invertebrates_Final_Report.pdf"|"aa5f8b6f-9e4b-4d95-bed6-a351d59d1874"
"5a300b0fe4b08e6a89d57cbe"|"assets/products/ARCT2010-05/spatial_data/magt/MeanAnnualGroundTemp_2070-2079.zip"|"d1559f94-a007-45fe-a5df-31fcd987d88e"
"5a7dd54de4b00f54eb24a7a6"|"assets/products/ARCT2011-1002/maps/RCP85/ARCTLCC_AK_TS31_RCP85_summer_precip_inch_30yr_avgs_hnd.zip"|"691ad3f0-ad2e-4eb8-b5f7-853d94f77516"
"5a3949dee4b0d05ee8b40e6f"|"assets/products/ARCT2011-11/reports/Vulnerability_Assessment_report_WCS_2012.pdf"|"888e6f8d-068f-4ae1-8099-501933cdd8f3"
"5a300c02e4b08e6a89d57e1a"|"assets/products/ARCT2010-05/spatial_data/magt/MeanAnnualGroundTemp_2080-2089.zip"|"c1e3cec0-efb2-4cf4-ab0a-e4b72564c13e"
"5a300b9ae4b08e6a89d57d3e"|"assets/products/ARCT2010-05/spatial_data/magt/MeanAnnualGroundTemp_1980-1989.zip"|"4ae60b20-4131-4f3b-b616-a5073bb06d75"
"5a300bcbe4b08e6a89d57da1"|"assets/products/ARCT2010-05/spatial_data/magt/MeanAnnualGroundTemp_2090-2099.zip"|"8d4d4d1e-cbc5-44a5-b127-66ed5884fce9"
"5a39474ae4b0d05ee8b40902"|"assets/products/ALCC2011-06/spatial/Landscape-level-ecological-mapping-shapefile.zip"|"54698193-44c8-49e1-940a-be3d26a3eb07"
"5a7dd497e4b00f54eb24a738"|"assets/products/ARCT2010-05/spatial_data/pet/rasters/pet_mean_mm_decadal_CCCMA_CGCM31_A1B_annual_2010_2019.zip"|"3978840d-a956-4be2-b067-b39494a7e0a2"
"5a3948f5e4b0d05ee8b40cad"|"assets/products/ARCT2010-05/spatial_data/pet/rasters/pet_mean_mm_decadal_CRU_Historical_annual_1990_1999.zip"|"5b954ef9-904b-4110-82d9-f64364d65fdb"
"5a394ab0e4b0d05ee8b40fb7"|"assets/products/ARCT2011-1002/maps/RCP85/ARCTLCC_AK_TS31_RCP85_summer_temp_degC_30yr_avgs_hnd.zip"|"b3c4b644-2f75-49a4-846f-52c3dd7e2c75"
"5a394a0ee4b0d05ee8b40ea3"|"assets/products/ARCT2010-05/spatial_data/pet/rasters/pet_mean_mm_decadal_CRU_Historical_annual_1980_1989.zip"|"a7d126af-be8b-4887-bfd1-02d73094dc59"
"5a300c77e4b08e6a89d57f44"|"assets/products/ARCT2010-05/spatial_data/alt/ActiveLayerThickness_2020_2029.zip"|"dd4f173e-a907-4cde-923d-c6008eae8c86"
"5a3949a7e4b0d05ee8b40dbc"|"assets/products/ALCC2011-06/spatial/Landscape-level-ecological-mapping-geodatabase.zip"|"e2a9e8ea-a246-455d-ac52-18c1e142944d"
"5a39455fe4b0d05ee8b404e6"|"assets/products/ARCT2010-04/reports/HydroClimate_DR_full_report_2012.pdf"|"9c9aa822-48fe-4a90-a08e-0b0859daba21"
"5a394793e4b0d05ee8b409e0"|"assets/products/ARCT2011-1002/maps/RCP60/ARCTLCC_AK_TS31_RCP60_winter_temp_degC_30yr_avgs_hnd.zip"|"8b284402-f31e-496a-af2e-670988b3cbe6"
"5a39453de4b0d05ee8b404a3"|"assets/products/ARCT2011-1002/maps/RCP85/ARCTLCC_AK_TS31_RCP85_annual_temp_degF_30yr_avgs_hnd.zip"|"5d363d3d-d0a0-496d-a8a3-00d31721d4aa"
"5a3947c0e4b0d05ee8b40a64"|"assets/products/ARCT2011-1002/maps/RCP85/ARCTLCC_AK_TS31_RCP85_annual_temp_degC_30yr_avgs_hnd.zip"|"ffcae36b-cd6c-4914-9f92-72b9ec34c18d"
"5a3947d8e4b0d05ee8b40aa7"|"assets/products/ARCT2010-05/spatial_data/pet/rasters/pet_mean_mm_decadal_CCCMA_CGCM31_A1B_annual_2090_2099.zip"|"b281b9e5-3c51-4505-804c-46bd29e3db88"
"5a300c37e4b08e6a89d57ec2"|"assets/products/ARCT2010-05/spatial_data/magt/MeanAnnualGroundTemp_2010-2019.zip"|"722330bf-9112-413a-8ad6-2ca1676f2acb"
"5a394421e4b0d05ee8b403a8"|"assets/products/ARCT2011-11/reports/species_accts/snowy_owl_WCS2012.pdf"|"6c0020b2-4fd3-4f6e-a435-540b0cd1c311"
"5a39452be4b0d05ee8b40485"|"assets/products/ARCT2011-1002/maps/RCP60/ARCTLCC_AK_TS31_RCP60_summer_temp_degC_30yr_avgs_hnd.zip"|"c124c408-020d-4837-8b5b-7d5f2ff3d57c"
"5a51026ee4b0d05ee8c9866b"|"assets/products/ARCT2011-1002/maps/RCP85/ARCTLCC_AK_TS31_RCP85_summer_precip_mm_30yr_avgs_hnd.zip"|"2fada871-16d6-4f2a-aa59-b705a2ad17b1"
